<application>
  <component name="ExportableFileTemplateSettings">
    <default_templates>
      <template name="Dart Repository Locator Pattern.dart" file-name="${Entity_filename}_repository_locator" reformat="true" live-template-enabled="true">
        <template name="Dart Repository Locator Pattern.dart.child.2.dart" file-name="web_${Entity_filename}_repository_impl" reformat="true" live-template-enabled="false" />
        <template name="Dart Repository Locator Pattern.dart.child.1.dart" file-name="universal_${Entity_filename}_repository_impl" reformat="true" live-template-enabled="false" />
        <template name="Dart Repository Locator Pattern.dart.child.0.dart" file-name="${Entity_filename}_repository_impl" reformat="true" live-template-enabled="true" />
      </template>
      <template name="Dart Repository Locator Pattern.dart.child.0.dart" file-name="${Entity_filename}_repository_impl" reformat="true" live-template-enabled="true" />
      <template name="Dart Repository Locator Pattern.dart.child.1.dart" file-name="universal_${Entity_filename}_repository_impl" reformat="true" live-template-enabled="false" />
      <template name="Dart Repository Locator Pattern.dart.child.2.dart" file-name="web_${Entity_filename}_repository_impl" reformat="true" live-template-enabled="false" />
    </default_templates>
  </component>
</application>